{"id": 20, "name": "Knicks", "abbreviation": "NYK", "conference": "East", "division": "Atlantic", "wins": 52, "losses": 31, "win_pct": 0.6265060240963856, "home_record": "27-14", "road_record": "24-17", "conference_record": "34-18", "conference_rank": 3, "division_record": "12-4 ", "division_rank": 2, "games_played": 83, "points_pg": 115.86746987951807, "opp_points_pg": 111.6867469879518, "offensive_rating": 1.440813461167058, "defensive_rating": 1.38882611885397, "net_rating": 0.0519873423130881, "pace": 8041.809228077692, "fg_pct": 0.48035410282601293, "fg3_pct": 0.3683572788644625, "ft_pct": 0.7944261312556188, "ast": 52.66265060240964, "reb": 84.36144578313252, "stl": 15.216867469879517, "blk": 9.036144578313253, "turnover": 26.072289156626507, "pf": 36.18072289156626, "total_points": 9617, "total_opp_points": 9270, "possessions": 667470.1659304484, "data_quality": "complete", "pts": 115.86746987951807, "opp_pts": 111.6867469879518, "w": 52, "l": 31}