{"id": 13, "name": "Clippers", "abbreviation": "LAC", "conference": "West", "division": "Pacific", "wins": 50, "losses": 32, "win_pct": 0.6097560975609756, "home_record": "30-11", "road_record": "20-21", "conference_record": "29-23", "conference_rank": 5, "division_record": "9-7  ", "division_rank": 2, "games_played": 82, "points_pg": 112.8780487804878, "opp_points_pg": 108.21951219512195, "offensive_rating": 1.4155948396552522, "defensive_rating": 1.3571724942848646, "net_rating": 0.058422345370387596, "pace": 7973.89518656183, "fg_pct": 0.47132629191181685, "fg3_pct": 0.36114958448753465, "ft_pct": 0.7847956559016862, "ast": 50.84146341463415, "reb": 85.3048780487805, "stl": 18.24390243902439, "blk": 8.817073170731707, "turnover": 28.182926829268293, "pf": 36.109756097560975, "total_points": 9256, "total_opp_points": 8874, "possessions": 653859.40529807, "data_quality": "complete", "pts": 112.8780487804878, "opp_pts": 108.21951219512195, "w": 50, "l": 32}