{"id": 25, "name": "Trail Blazers", "abbreviation": "POR", "conference": "West", "division": "Northwest", "wins": 36, "losses": 46, "win_pct": 0.43902439024390244, "home_record": "22-19", "road_record": "14-27", "conference_record": "19-33", "conference_rank": 12, "division_record": "6-10 ", "division_rank": 4, "games_played": 82, "points_pg": 110.89024390243902, "opp_points_pg": 113.82926829268293, "offensive_rating": 1.37545856776888, "defensive_rating": 1.4119135897453785, "net_rating": -0.036455021976498525, "pace": 8062.056284422523, "fg_pct": 0.46019271509601584, "fg3_pct": 0.35106205051011874, "ft_pct": 0.7801418439716312, "ast": 50.01219512195122, "reb": 89.01219512195122, "stl": 17.76829268292683, "blk": 10.78048780487805, "turnover": 29.5609756097561, "pf": 38.292682926829265, "total_points": 9093, "total_opp_points": 9334, "possessions": 661088.6153226469, "data_quality": "complete", "pts": 110.89024390243902, "opp_pts": 113.82926829268293, "w": 36, "l": 46}