{"id": 21, "name": "Thunder", "abbreviation": "OKC", "conference": "West", "division": "Northwest", "wins": 69, "losses": 15, "win_pct": 0.8214285714285714, "home_record": "35-6 ", "road_record": "32-8 ", "conference_record": "39-13", "conference_rank": 1, "division_record": "12-4 ", "division_rank": 1, "games_played": 84, "points_pg": 120.1547619047619, "opp_points_pg": 107.17857142857143, "offensive_rating": 1.4385420803615308, "defensive_rating": 1.2831858069448985, "net_rating": 0.15535627341663227, "pace": 8352.537165583986, "fg_pct": 0.45824496288441147, "fg3_pct": 0.35669663263751333, "ft_pct": 0.7951643575115458, "ast": 51.36904761904762, "reb": 89.79761904761905, "stl": 17.035714285714285, "blk": 10.44047619047619, "turnover": 27.452380952380953, "pf": 37.86904761904762, "total_points": 10093, "total_opp_points": 9003, "possessions": 701613.1219090548, "data_quality": "complete", "pts": 120.1547619047619, "opp_pts": 107.17857142857143, "w": 69, "l": 15}