{"id": 7, "name": "Mavericks", "abbreviation": "DAL", "conference": "West", "division": "Southwest", "wins": 40, "losses": 44, "win_pct": 0.47619047619047616, "home_record": "22-18", "road_record": "17-25", "conference_record": "23-29", "conference_rank": 10, "division_record": "8-8  ", "division_rank": 3, "games_played": 84, "points_pg": 114.16666666666667, "opp_points_pg": 115.33333333333333, "offensive_rating": 1.3765554231755637, "defensive_rating": 1.3906224129014453, "net_rating": -0.014066989725881607, "pace": 8293.648388184516, "fg_pct": 0.4739286188138517, "fg3_pct": 0.36429061000685403, "ft_pct": 0.7753113156469952, "ast": 52.345238095238095, "reb": 88.26190476190476, "stl": 15.857142857142858, "blk": 10.05952380952381, "turnover": 25.916666666666668, "pf": 36.392857142857146, "total_points": 9590, "total_opp_points": 9688, "possessions": 696666.4646074993, "data_quality": "complete", "pts": 114.16666666666667, "opp_pts": 115.33333333333333, "w": 40, "l": 44}