{"id": 14, "name": "Lakers", "abbreviation": "LAL", "conference": "West", "division": "Pacific", "wins": 50, "losses": 32, "win_pct": 0.6097560975609756, "home_record": "31-10", "road_record": "19-22", "conference_record": "36-16", "conference_rank": 3, "division_record": "12-4 ", "division_rank": 1, "games_played": 82, "points_pg": 113.39024390243902, "opp_points_pg": 112.17073170731707, "offensive_rating": 1.424538188360123, "defensive_rating": 1.4092172786122188, "net_rating": 0.015320909747904121, "pace": 7959.789693877549, "fg_pct": 0.47099881342918964, "fg3_pct": 0.3608973309317177, "ft_pct": 0.7805695142378559, "ast": 53.26829268292683, "reb": 85.45121951219512, "stl": 15.914634146341463, "blk": 8.670731707317072, "turnover": 26.097560975609756, "pf": 36.47560975609756, "total_points": 9298, "total_opp_points": 9198, "possessions": 652702.7548979591, "data_quality": "complete", "pts": 113.39024390243902, "opp_pts": 112.17073170731707, "w": 50, "l": 32}