{"id": 29, "name": "Jazz", "abbreviation": "UTA", "conference": "West", "division": "Northwest", "wins": 17, "losses": 65, "win_pct": 0.2073170731707317, "home_record": "10-31", "road_record": "7-34 ", "conference_record": "8-44 ", "conference_rank": 15, "division_record": "3-13 ", "division_rank": 5, "games_played": 82, "points_pg": 111.89024390243902, "opp_points_pg": 121.23170731707317, "offensive_rating": 1.3646715624549532, "defensive_rating": 1.4786049048898844, "net_rating": -0.11393334243493114, "pace": 8199.060270674647, "fg_pct": 0.4673022693702162, "fg3_pct": 0.3542728635682159, "ft_pct": 0.7685838307107976, "ast": 55.15853658536585, "reb": 89.65853658536585, "stl": 16.548780487804876, "blk": 10.792682926829269, "turnover": 27.695121951219512, "pf": 38.15853658536585, "total_points": 9175, "total_opp_points": 9941, "possessions": 672322.9421953211, "data_quality": "complete", "pts": 111.89024390243902, "opp_pts": 121.23170731707317, "w": 17, "l": 65}