{"id": 17, "name": "Bucks", "abbreviation": "MIL", "conference": "East", "division": "Central", "wins": 49, "losses": 34, "win_pct": 0.5903614457831325, "home_record": "27-14", "road_record": "20-20", "conference_record": "31-21", "conference_rank": 5, "division_record": "9-7  ", "division_rank": 3, "games_played": 83, "points_pg": 115.28915662650603, "opp_points_pg": 112.65060240963855, "offensive_rating": 1.40411647944772, "defensive_rating": 1.3719813024178265, "net_rating": 0.032135177029893436, "pace": 8210.79720336682, "fg_pct": 0.4701806819725581, "fg3_pct": 0.3683793212813194, "ft_pct": 0.7652947719688543, "ast": 51.72289156626506, "reb": 88.74698795180723, "stl": 14.674698795180722, "blk": 8.506024096385541, "turnover": 24.879518072289155, "pf": 36.80722891566265, "total_points": 9569, "total_opp_points": 9350, "possessions": 681496.167879446, "data_quality": "complete", "pts": 115.28915662650603, "opp_pts": 112.65060240963855, "w": 49, "l": 34}