{"id": 28, "name": "Raptors", "abbreviation": "TOR", "conference": "East", "division": "Atlantic", "wins": 30, "losses": 52, "win_pct": 0.36585365853658536, "home_record": "18-23", "road_record": "12-29", "conference_record": "21-31", "conference_rank": 11, "division_record": "8-8  ", "division_rank": 3, "games_played": 82, "points_pg": 110.86585365853658, "opp_points_pg": 115.15853658536585, "offensive_rating": 1.3580594547238198, "defensive_rating": 1.4106429909753635, "net_rating": -0.05258353625154366, "pace": 8163.549340414017, "fg_pct": 0.46184711643090315, "fg3_pct": 0.34841782919360326, "ft_pct": 0.764411687286128, "ast": 54.451219512195124, "reb": 90.13414634146342, "stl": 17.24390243902439, "blk": 10.097560975609756, "turnover": 28.853658536585368, "pf": 39.292682926829265, "total_points": 9091, "total_opp_points": 9443, "possessions": 669411.0459139494, "data_quality": "complete", "pts": 110.86585365853658, "opp_pts": 115.15853658536585, "w": 30, "l": 52}