{"id": 19, "name": "Pelicans", "abbreviation": "NOP", "conference": "West", "division": "Southwest", "wins": 21, "losses": 61, "win_pct": 0.25609756097560976, "home_record": "14-27", "road_record": "7-34 ", "conference_record": "13-38", "conference_rank": 14, "division_record": "3-13 ", "division_rank": 5, "games_played": 82, "points_pg": 109.82926829268293, "opp_points_pg": 119.2560975609756, "offensive_rating": 1.3576588409313466, "defensive_rating": 1.4741889635207237, "net_rating": -0.11653012258937712, "pace": 8089.607269624573, "fg_pct": 0.46777574896868873, "fg3_pct": 0.35656005221932113, "ft_pct": 0.7698302254383523, "ast": 54.5, "reb": 89.32926829268293, "stl": 17.524390243902438, "blk": 10.439024390243903, "turnover": 27.0, "pf": 36.21951219512195, "total_points": 9006, "total_opp_points": 9779, "possessions": 663347.796109215, "data_quality": "complete", "pts": 109.82926829268293, "opp_pts": 119.2560975609756, "w": 21, "l": 61}