{"id": 2, "name": "Celtics", "abbreviation": "BOS", "conference": "East", "division": "Atlantic", "wins": 61, "losses": 21, "win_pct": 0.7439024390243902, "home_record": "28-13", "road_record": "33-8 ", "conference_record": "39-13", "conference_rank": 2, "division_record": "14-2 ", "division_rank": 1, "games_played": 82, "points_pg": 116.26829268292683, "opp_points_pg": 107.15853658536585, "offensive_rating": 1.479866132412222, "defensive_rating": 1.3639168979972933, "net_rating": 0.11594923441492866, "pace": 7856.676366625566, "fg_pct": 0.4563370710159701, "fg3_pct": 0.35906232132647226, "ft_pct": 0.7887931034482759, "ast": 50.170731707317074, "reb": 89.01219512195122, "stl": 14.073170731707316, "blk": 9.121951219512194, "turnover": 23.378048780487806, "pf": 33.426829268292686, "total_points": 9534, "total_opp_points": 8787, "possessions": 644247.4620632963, "data_quality": "complete", "pts": 116.26829268292683, "opp_pts": 107.15853658536585, "w": 61, "l": 21}