{"id": 12, "name": "Pacers", "abbreviation": "IND", "conference": "East", "division": "Central", "wins": 51, "losses": 32, "win_pct": 0.6144578313253012, "home_record": "29-11", "road_record": "20-20", "conference_record": "29-22", "conference_rank": 4, "division_record": "10-6 ", "division_rank": 2, "games_played": 83, "points_pg": 117.3855421686747, "opp_points_pg": 114.92771084337349, "offensive_rating": 1.4169804351942785, "defensive_rating": 1.3873115438076795, "net_rating": 0.029668891386599006, "pace": 8284.20345497433, "fg_pct": 0.4806243272335845, "fg3_pct": 0.36131081758903194, "ft_pct": 0.7802258331038281, "ast": 55.0722891566265, "reb": 86.83132530120481, "stl": 15.55421686746988, "blk": 9.951807228915662, "turnover": 26.27710843373494, "pf": 37.54216867469879, "total_points": 9743, "total_opp_points": 9539, "possessions": 687588.8867628693, "data_quality": "complete", "pts": 117.3855421686747, "opp_pts": 114.92771084337349, "w": 51, "l": 32}