{"id": 20, "name": "Knicks", "abbreviation": "NYK", "conference": "East", "division": "Atlantic", "wins": 51, "losses": 31, "win_pct": 0.6219512195121951, "home_record": "27-14", "road_record": "24-17", "conference_record": "34-18", "conference_rank": 3, "division_record": "12-4 ", "division_rank": 2, "games_played": 82, "points_pg": 115.78048780487805, "opp_points_pg": 111.6829268292683, "offensive_rating": 1.457589212860956, "defensive_rating": 1.406004003726631, "net_rating": 0.05158520913432496, "pace": 7943.286543512772, "fg_pct": 0.48007720943058046, "fg3_pct": 0.3677216296555342, "ft_pct": 0.7942424242424242, "ast": 52.707317073170735, "reb": 84.5, "stl": 15.182926829268293, "blk": 8.926829268292684, "turnover": 26.048780487804876, "pf": 36.109756097560975, "total_points": 9494, "total_opp_points": 9158, "possessions": 651349.4965680473, "data_quality": "complete", "pts": 115.78048780487805, "opp_pts": 111.6829268292683, "w": 51, "l": 31}