{"id": 26, "name": "Kings", "abbreviation": "SAC", "conference": "West", "division": "Pacific", "wins": 40, "losses": 43, "win_pct": 0.4819277108433735, "home_record": "20-21", "road_record": "20-21", "conference_record": "26-26", "conference_rank": 9, "division_record": "5-11 ", "division_rank": 4, "games_played": 83, "points_pg": 115.59036144578313, "opp_points_pg": 115.3132530120482, "offensive_rating": 1.415955541607006, "defensive_rating": 1.4125610265499953, "net_rating": 0.0033945150570107163, "pace": 8163.417427258806, "fg_pct": 0.47579989154013014, "fg3_pct": 0.3704556670505017, "ft_pct": 0.7948576168095106, "ast": 53.373493975903614, "reb": 86.5421686746988, "stl": 15.421686746987952, "blk": 8.662650602409638, "turnover": 25.746987951807228, "pf": 37.30120481927711, "total_points": 9594, "total_opp_points": 9571, "possessions": 677563.6464624809, "data_quality": "complete", "pts": 115.59036144578313, "opp_pts": 115.3132530120482, "w": 40, "l": 43}