{"id": 24, "name": "Suns", "abbreviation": "PHX", "conference": "West", "division": "Pacific", "wins": 36, "losses": 46, "win_pct": 0.43902439024390244, "home_record": "24-17", "road_record": "12-29", "conference_record": "22-30", "conference_rank": 11, "division_record": "9-7  ", "division_rank": 5, "games_played": 82, "points_pg": 113.6219512195122, "opp_points_pg": 116.6219512195122, "offensive_rating": 1.4278632150176518, "defensive_rating": 1.4655635854045084, "net_rating": -0.037700370386856585, "pace": 7957.481502743773, "fg_pct": 0.47534748634257656, "fg3_pct": 0.37382132012146396, "ft_pct": 0.7998281786941581, "ast": 54.98780487804878, "reb": 86.67073170731707, "stl": 15.74390243902439, "blk": 8.78048780487805, "turnover": 24.76829268292683, "pf": 36.34146341463415, "total_points": 9317, "total_opp_points": 9563, "possessions": 652513.4832249894, "data_quality": "complete", "pts": 113.6219512195122, "opp_pts": 116.6219512195122, "w": 36, "l": 46}