{"id": 11, "name": "Rockets", "abbreviation": "HOU", "conference": "West", "division": "Southwest", "wins": 52, "losses": 30, "win_pct": 0.6341463414634146, "home_record": "29-12", "road_record": "23-17", "conference_record": "31-21", "conference_rank": 2, "division_record": "13-3 ", "division_rank": 1, "games_played": 82, "points_pg": 114.29268292682927, "opp_points_pg": 109.78048780487805, "offensive_rating": 1.4172697178648528, "defensive_rating": 1.3613169014318613, "net_rating": 0.05595281643299144, "pace": 8064.285963790552, "fg_pct": 0.4566865731731866, "fg3_pct": 0.35493934142114386, "ft_pct": 0.7482768127929418, "ast": 46.829268292682926, "reb": 90.59756097560975, "stl": 16.317073170731707, "blk": 10.74390243902439, "turnover": 26.621951219512194, "pf": 38.21951219512195, "total_points": 9372, "total_opp_points": 9002, "possessions": 661271.4490308252, "data_quality": "complete", "pts": 114.29268292682927, "opp_pts": 109.78048780487805, "w": 52, "l": 30}