{"id": 13, "name": "Clippers", "abbreviation": "LAC", "conference": "West", "division": "Pacific", "wins": 50, "losses": 33, "win_pct": 0.6024096385542169, "home_record": "30-11", "road_record": "20-21", "conference_record": "29-23", "conference_rank": 5, "division_record": "9-7  ", "division_rank": 2, "games_played": 83, "points_pg": 112.8433734939759, "opp_points_pg": 108.26506024096386, "offensive_rating": 1.3974867587004, "defensive_rating": 1.3407875308223143, "net_rating": 0.05669922787808579, "pace": 8074.736507622812, "fg_pct": 0.4712675859172675, "fg3_pct": 0.36103495544893766, "ft_pct": 0.7845849802371542, "ast": 50.81927710843374, "reb": 85.34939759036145, "stl": 18.240963855421686, "blk": 8.795180722891565, "turnover": 28.216867469879517, "pf": 36.19277108433735, "total_points": 9366, "total_opp_points": 8986, "possessions": 670203.1301326933, "data_quality": "complete", "pts": 112.8433734939759, "opp_pts": 108.26506024096386, "w": 50, "l": 33}