{"id": 15, "name": "Grizzlies", "abbreviation": "MEM", "conference": "West", "division": "Southwest", "wins": 49, "losses": 36, "win_pct": 0.5764705882352941, "home_record": "26-15", "road_record": "22-19", "conference_record": "27-24", "conference_rank": 8, "division_record": "11-5 ", "division_rank": 2, "games_played": 85, "points_pg": 121.12941176470588, "opp_points_pg": 116.94117647058823, "offensive_rating": 1.388343335325653, "defensive_rating": 1.340339233987664, "net_rating": 0.048004101337988825, "pace": 8724.744714267203, "fg_pct": 0.4675225626032795, "fg3_pct": 0.3626105519975602, "ft_pct": 0.7794846382556987, "ast": 55.4, "reb": 90.78823529411764, "stl": 17.50588235294118, "blk": 11.105882352941176, "turnover": 29.58823529411765, "pf": 40.917647058823526, "total_points": 10296, "total_opp_points": 9940, "possessions": 741603.3007127122, "data_quality": "complete", "pts": 121.12941176470588, "opp_pts": 116.94117647058823, "w": 49, "l": 36}