{"id": 10, "name": "Warriors", "abbreviation": "GSW", "conference": "West", "division": "Pacific", "wins": 49, "losses": 34, "win_pct": 0.5903614457831325, "home_record": "24-17", "road_record": "24-17", "conference_record": "29-23", "conference_rank": 7, "division_record": "5-11 ", "division_rank": 3, "games_played": 83, "points_pg": 113.86746987951807, "opp_points_pg": 110.55421686746988, "offensive_rating": 1.3990115115156803, "defensive_rating": 1.3583038440025268, "net_rating": 0.04070766751315347, "pace": 8139.137451138969, "fg_pct": 0.4581548711673125, "fg3_pct": 0.36359454071461433, "ft_pct": 0.7674033149171271, "ast": 54.87951807228916, "reb": 89.3855421686747, "stl": 16.91566265060241, "blk": 10.132530120481928, "turnover": 28.120481927710845, "pf": 37.86746987951807, "total_points": 9451, "total_opp_points": 9176, "possessions": 675548.4084445343, "data_quality": "complete", "pts": 113.86746987951807, "opp_pts": 110.55421686746988, "w": 49, "l": 34}