{"id": 27, "name": "Spurs", "abbreviation": "SAS", "conference": "West", "division": "Southwest", "wins": 34, "losses": 48, "win_pct": 0.4146341463414634, "home_record": "20-20", "road_record": "13-27", "conference_record": "22-30", "conference_rank": 13, "division_record": "5-11 ", "division_rank": 4, "games_played": 82, "points_pg": 113.92682926829268, "opp_points_pg": 116.6829268292683, "offensive_rating": 1.4054503924845922, "defensive_rating": 1.4394507980403102, "net_rating": -0.03400040555571793, "pace": 8106.072606866602, "fg_pct": 0.4696635226436551, "fg3_pct": 0.3607291827591534, "ft_pct": 0.7815489046590558, "ast": 56.646341463414636, "reb": 89.86585365853658, "stl": 16.317073170731707, "blk": 9.829268292682928, "turnover": 26.085365853658537, "pf": 34.03658536585366, "total_points": 9342, "total_opp_points": 9568, "possessions": 664697.9537630614, "data_quality": "complete", "pts": 113.92682926829268, "opp_pts": 116.6829268292683, "w": 34, "l": 48}