{"id": 6, "name": "Cavaliers", "abbreviation": "CLE", "conference": "East", "division": "Central", "wins": 64, "losses": 18, "win_pct": 0.7804878048780488, "home_record": "34-7 ", "road_record": "30-11", "conference_record": "41-11", "conference_rank": 1, "division_record": "12-4 ", "division_rank": 1, "games_played": 82, "points_pg": 121.9390243902439, "opp_points_pg": 112.40243902439025, "offensive_rating": 1.4962953512860262, "defensive_rating": 1.379273352615592, "net_rating": 0.11702199867043417, "pace": 8149.395390785686, "fg_pct": 0.4721756058266765, "fg3_pct": 0.371680049413218, "ft_pct": 0.7775886524822695, "ast": 53.707317073170735, "reb": 88.9390243902439, "stl": 15.975609756097562, "blk": 8.670731707317072, "turnover": 26.109756097560975, "pf": 37.0609756097561, "total_points": 9999, "total_opp_points": 9217, "possessions": 668250.4220444262, "data_quality": "complete", "pts": 121.9390243902439, "opp_pts": 112.40243902439025, "w": 64, "l": 18}