{"id": 30, "name": "Wizards", "abbreviation": "WAS", "conference": "East", "division": "Southeast", "wins": 18, "losses": 64, "win_pct": 0.21951219512195122, "home_record": "8-32 ", "road_record": "10-31", "conference_record": "13-39", "conference_rank": 15, "division_record": "7-9  ", "division_rank": 5, "games_played": 82, "points_pg": 108.0, "opp_points_pg": 120.4390243902439, "offensive_rating": 1.312680516690921, "defensive_rating": 1.4638700070957018, "net_rating": -0.1511894904047808, "pace": 8227.439855072465, "fg_pct": 0.45500667556742325, "fg3_pct": 0.3495795702273435, "ft_pct": 0.7862847700358028, "ast": 53.52439024390244, "reb": 92.5609756097561, "stl": 16.646341463414632, "blk": 10.292682926829269, "turnover": 27.29268292682927, "pf": 37.90243902439025, "total_points": 8856, "total_opp_points": 9876, "possessions": 674650.0681159422, "data_quality": "complete", "pts": 108.0, "opp_pts": 120.4390243902439, "w": 18, "l": 64}