{"id": 2, "name": "Celtics", "abbreviation": "BOS", "conference": "East", "division": "Atlantic", "wins": 62, "losses": 21, "win_pct": 0.7469879518072289, "home_record": "28-13", "road_record": "33-8 ", "conference_record": "39-13", "conference_rank": 2, "division_record": "14-2 ", "division_rank": 1, "games_played": 83, "points_pg": 116.10843373493977, "opp_points_pg": 106.90361445783132, "offensive_rating": 1.4617817174098922, "defensive_rating": 1.345894902830546, "net_rating": 0.11588681457934613, "pace": 7942.93924681658, "fg_pct": 0.45610969216292513, "fg3_pct": 0.3594900849858357, "ft_pct": 0.7881773399014779, "ast": 50.036144578313255, "reb": 88.93975903614458, "stl": 14.120481927710843, "blk": 9.132530120481928, "turnover": 23.3855421686747, "pf": 33.3855421686747, "total_points": 9637, "total_opp_points": 8873, "possessions": 659263.9574857762, "data_quality": "complete", "pts": 116.10843373493977, "opp_pts": 106.90361445783132, "w": 62, "l": 21}