{"id": 9, "name": "Pistons", "abbreviation": "DET", "conference": "East", "division": "Central", "wins": 44, "losses": 38, "win_pct": 0.5365853658536586, "home_record": "22-19", "road_record": "22-19", "conference_record": "29-23", "conference_rank": 6, "division_record": "5-11 ", "division_rank": 4, "games_played": 82, "points_pg": 115.5, "opp_points_pg": 113.6219512195122, "offensive_rating": 1.4137919313578384, "defensive_rating": 1.3908034446690931, "net_rating": 0.022988486688745313, "pace": 8169.518967976507, "fg_pct": 0.4686063267686818, "fg3_pct": 0.36439966414777497, "ft_pct": 0.7754781241812942, "ast": 51.21951219512195, "reb": 87.20731707317073, "stl": 16.804878048780488, "blk": 10.231707317073171, "turnover": 28.26829268292683, "pf": 39.58536585365854, "total_points": 9471, "total_opp_points": 9317, "possessions": 669900.5553740736, "data_quality": "complete", "pts": 115.5, "opp_pts": 113.6219512195122, "w": 44, "l": 38}