{"id": 7, "name": "Mavericks", "abbreviation": "DAL", "conference": "West", "division": "Southwest", "wins": 40, "losses": 44, "win_pct": 0.47619047619047616, "home_record": "22-18", "road_record": "17-25", "conference_record": "23-29", "conference_rank": 10, "division_record": "8-8  ", "division_rank": 3, "games_played": 84, "points_pg": 112.9047619047619, "opp_points_pg": 113.9047619047619, "offensive_rating": 1.3777179724324315, "defensive_rating": 1.389920451310998, "net_rating": -0.012202478878566403, "pace": 8195.056184497817, "fg_pct": 0.4739705783569557, "fg3_pct": 0.3643142014912433, "ft_pct": 0.775047775047775, "ast": 51.69047619047619, "reb": 87.23809523809524, "stl": 15.654761904761905, "blk": 9.916666666666666, "turnover": 25.607142857142858, "pf": 35.98809523809524, "total_points": 9484, "total_opp_points": 9568, "possessions": 688384.7194978166, "data_quality": "complete", "pts": 112.9047619047619, "opp_pts": 113.9047619047619, "w": 40, "l": 44}