{"id": 14, "name": "Lakers", "abbreviation": "LAL", "conference": "West", "division": "Pacific", "wins": 50, "losses": 33, "win_pct": 0.6024096385542169, "home_record": "31-10", "road_record": "19-22", "conference_record": "36-16", "conference_rank": 3, "division_record": "12-4 ", "division_rank": 1, "games_played": 83, "points_pg": 113.16867469879519, "opp_points_pg": 112.2289156626506, "offensive_rating": 1.4064040646973501, "defensive_rating": 1.3947252062872157, "net_rating": 0.011678858410134385, "pace": 8046.668630977571, "fg_pct": 0.47081953642384106, "fg3_pct": 0.36187399030694667, "ft_pct": 0.7810421286031042, "ast": 53.1566265060241, "reb": 85.40963855421687, "stl": 15.879518072289157, "blk": 8.662650602409638, "turnover": 26.06024096385542, "pf": 36.40963855421687, "total_points": 9393, "total_opp_points": 9315, "possessions": 667873.4963711384, "data_quality": "complete", "pts": 113.16867469879519, "opp_pts": 112.2289156626506, "w": 50, "l": 33}