{"id": 9, "name": "Pistons", "abbreviation": "DET", "conference": "East", "division": "Central", "wins": 44, "losses": 39, "win_pct": 0.5301204819277109, "home_record": "22-19", "road_record": "22-19", "conference_record": "29-23", "conference_rank": 6, "division_record": "5-11 ", "division_rank": 4, "games_played": 83, "points_pg": 115.4578313253012, "opp_points_pg": 113.73493975903614, "offensive_rating": 1.3964293238200454, "defensive_rating": 1.375591444940126, "net_rating": 0.02083787887991928, "pace": 8268.075537790697, "fg_pct": 0.4690211496746204, "fg3_pct": 0.36504240811574923, "ft_pct": 0.7758173326414115, "ast": 51.19277108433735, "reb": 87.03614457831326, "stl": 16.819277108433734, "blk": 10.325301204819278, "turnover": 28.265060240963855, "pf": 39.6144578313253, "total_points": 9583, "total_opp_points": 9440, "possessions": 686250.2696366279, "data_quality": "complete", "pts": 115.4578313253012, "opp_pts": 113.73493975903614, "w": 44, "l": 39}