{"id": 15, "name": "Grizzlies", "abbreviation": "MEM", "conference": "West", "division": "Southwest", "wins": 48, "losses": 36, "win_pct": 0.5714285714285714, "home_record": "26-15", "road_record": "22-19", "conference_record": "27-24", "conference_rank": 8, "division_record": "11-5 ", "division_rank": 2, "games_played": 84, "points_pg": 120.19047619047619, "opp_points_pg": 115.51190476190476, "offensive_rating": 1.4104359157779638, "defensive_rating": 1.3555328536839921, "net_rating": 0.054903062093971666, "pace": 8521.512735598619, "fg_pct": 0.4679908824487138, "fg3_pct": 0.3636647416887779, "ft_pct": 0.7785319255907491, "ast": 54.75, "reb": 89.69047619047619, "stl": 17.285714285714285, "blk": 10.952380952380953, "turnover": 29.19047619047619, "pf": 40.63095238095238, "total_points": 10096, "total_opp_points": 9703, "possessions": 715807.0697902839, "data_quality": "complete", "pts": 120.19047619047619, "opp_pts": 115.51190476190476, "w": 48, "l": 36}