{"id": 5, "name": "Bulls", "abbreviation": "CHI", "conference": "East", "division": "Central", "wins": 39, "losses": 44, "win_pct": 0.46987951807228917, "home_record": "18-23", "road_record": "21-20", "conference_record": "28-24", "conference_rank": 9, "division_record": "4-12 ", "division_rank": 5, "games_played": 83, "points_pg": 117.46987951807229, "opp_points_pg": 119.24096385542168, "offensive_rating": 1.3822701202003542, "defensive_rating": 1.4031105004741442, "net_rating": -0.020840380273789982, "pace": 8498.330232374952, "fg_pct": 0.46823195510546345, "fg3_pct": 0.35564420803782504, "ft_pct": 0.7956737795966092, "ast": 57.83132530120482, "reb": 91.7710843373494, "stl": 15.72289156626506, "blk": 9.783132530120483, "turnover": 25.759036144578314, "pf": 34.34939759036145, "total_points": 9750, "total_opp_points": 9897, "possessions": 705361.409287121, "data_quality": "complete", "pts": 117.46987951807229, "opp_pts": 119.24096385542168, "w": 39, "l": 44}