{"id": 8, "name": "Nuggets", "abbreviation": "DEN", "conference": "West", "division": "Northwest", "wins": 51, "losses": 32, "win_pct": 0.6144578313253012, "home_record": "26-15", "road_record": "24-17", "conference_record": "32-20", "conference_rank": 4, "division_record": "8-8  ", "division_rank": 2, "games_played": 83, "points_pg": 120.65060240963855, "opp_points_pg": 116.78313253012048, "offensive_rating": 1.4525665952739177, "defensive_rating": 1.4060043946465033, "net_rating": 0.04656220062741445, "pace": 8306.028983606557, "fg_pct": 0.4853639240506329, "fg3_pct": 0.3695280437756498, "ft_pct": 0.7733625650863251, "ast": 59.89156626506024, "reb": 88.19277108433735, "stl": 16.783132530120483, "blk": 9.987951807228916, "turnover": 25.987951807228917, "pf": 36.734939759036145, "total_points": 10014, "total_opp_points": 9693, "possessions": 689400.4056393442, "data_quality": "complete", "pts": 120.65060240963855, "opp_pts": 116.78313253012048, "w": 51, "l": 32}