{"id": 17, "name": "Bucks", "abbreviation": "MIL", "conference": "East", "division": "Central", "wins": 49, "losses": 35, "win_pct": 0.5833333333333334, "home_record": "27-14", "road_record": "20-20", "conference_record": "31-21", "conference_rank": 5, "division_record": "9-7  ", "division_rank": 3, "games_played": 84, "points_pg": 115.08333333333333, "opp_points_pg": 112.70238095238095, "offensive_rating": 1.3858212456994774, "defensive_rating": 1.3571500706565587, "net_rating": 0.028671175042918717, "pace": 8304.341825503356, "fg_pct": 0.4701417343991402, "fg3_pct": 0.3677277716794731, "ft_pct": 0.7646575342465753, "ast": 51.61904761904762, "reb": 88.69047619047619, "stl": 14.619047619047619, "blk": 8.511904761904763, "turnover": 24.761904761904763, "pf": 36.86904761904762, "total_points": 9667, "total_opp_points": 9467, "possessions": 697564.7133422819, "data_quality": "complete", "pts": 115.08333333333333, "opp_pts": 112.70238095238095, "w": 49, "l": 35}