{"id": 11, "name": "Rockets", "abbreviation": "HOU", "conference": "West", "division": "Southwest", "wins": 52, "losses": 31, "win_pct": 0.6265060240963856, "home_record": "29-12", "road_record": "23-17", "conference_record": "31-21", "conference_rank": 2, "division_record": "13-3 ", "division_rank": 1, "games_played": 83, "points_pg": 113.32530120481928, "opp_points_pg": 108.91566265060241, "offensive_rating": 1.398417470920871, "defensive_rating": 1.3440031827689425, "net_rating": 0.0544142881519285, "pace": 8103.8247562935185, "fg_pct": 0.456621919455019, "fg3_pct": 0.35438233264320224, "ft_pct": 0.7477303988995874, "ast": 46.506024096385545, "reb": 89.97590361445783, "stl": 16.253012048192772, "blk": 10.626506024096386, "turnover": 26.457831325301203, "pf": 37.86746987951807, "total_points": 9406, "total_opp_points": 9040, "possessions": 672617.4547723621, "data_quality": "complete", "pts": 113.32530120481928, "opp_pts": 108.91566265060241, "w": 52, "l": 31}