{"id": 1, "name": "Hawks", "abbreviation": "ATL", "conference": "East", "division": "Southeast", "wins": 40, "losses": 44, "win_pct": 0.47619047619047616, "home_record": "21-19", "road_record": "19-22", "conference_record": "30-22", "conference_rank": 8, "division_record": "10-6 ", "division_rank": 2, "games_played": 84, "points_pg": 116.5, "opp_points_pg": 117.9047619047619, "offensive_rating": 1.3726574903154887, "defensive_rating": 1.3892090521239118, "net_rating": -0.0165515618084231, "pace": 8487.186411901186, "fg_pct": 0.4763607469209376, "fg3_pct": 0.3667360332959821, "ft_pct": 0.7884262896046086, "ast": 57.035714285714285, "reb": 87.22619047619048, "stl": 18.607142857142858, "blk": 9.952380952380953, "turnover": 29.428571428571427, "pf": 37.726190476190474, "total_points": 9786, "total_opp_points": 9904, "possessions": 712923.6585996996, "data_quality": "complete", "pts": 116.5, "opp_pts": 117.9047619047619, "w": 40, "l": 44}