{"id": 3, "name": "Nets", "abbreviation": "BKN", "conference": "East", "division": "Atlantic", "wins": 26, "losses": 56, "win_pct": 0.3170731707317073, "home_record": "12-29", "road_record": "14-27", "conference_record": "14-37", "conference_rank": 12, "division_record": "3-13 ", "division_rank": 4, "games_played": 82, "points_pg": 105.10975609756098, "opp_points_pg": 112.21951219512195, "offensive_rating": 1.3373130299538696, "defensive_rating": 1.4277705652205022, "net_rating": -0.09045753526663258, "pace": 7859.772076040172, "fg_pct": 0.4583721096714153, "fg3_pct": 0.3525401720499919, "ft_pct": 0.7827643171806168, "ast": 52.21951219512195, "reb": 85.0, "stl": 15.853658536585366, "blk": 9.841463414634147, "turnover": 28.036585365853657, "pf": 39.609756097560975, "total_points": 8619, "total_opp_points": 9202, "possessions": 644501.310235294, "data_quality": "complete", "pts": 105.10975609756098, "opp_pts": 112.21951219512195, "w": 26, "l": 56}