{"id": 16, "name": "Heat", "abbreviation": "MIA", "conference": "East", "division": "Southeast", "wins": 39, "losses": 46, "win_pct": 0.4588235294117647, "home_record": "19-22", "road_record": "17-23", "conference_record": "24-28", "conference_rank": 10, "division_record": "10-6 ", "division_rank": 3, "games_played": 85, "points_pg": 110.6, "opp_points_pg": 109.97647058823529, "offensive_rating": 1.3493009375904592, "defensive_rating": 1.34169398623504, "net_rating": 0.0076069513554191115, "pace": 8196.837111631015, "fg_pct": 0.46551031342084115, "fg3_pct": 0.36352279825109307, "ft_pct": 0.7825411618515067, "ast": 52.870588235294115, "reb": 88.0, "stl": 15.68235294117647, "blk": 8.541176470588235, "turnover": 25.458823529411763, "pf": 32.45882352941177, "total_points": 9401, "total_opp_points": 9348, "possessions": 696731.1544886363, "data_quality": "complete", "pts": 110.6, "opp_pts": 109.97647058823529, "w": 39, "l": 46}