{"id": 21, "name": "Thunder", "abbreviation": "OKC", "conference": "West", "division": "Northwest", "wins": 68, "losses": 15, "win_pct": 0.8192771084337349, "home_record": "35-6 ", "road_record": "32-8 ", "conference_record": "39-13", "conference_rank": 1, "division_record": "12-4 ", "division_rank": 1, "games_played": 83, "points_pg": 120.02409638554217, "opp_points_pg": 107.50602409638554, "offensive_rating": 1.4552297236943017, "defensive_rating": 1.3034546099703126, "net_rating": 0.1517751137239891, "pace": 8247.776583400484, "fg_pct": 0.45864661654135336, "fg3_pct": 0.35766085480635706, "ft_pct": 0.794471811713191, "ast": 51.325301204819276, "reb": 89.71084337349397, "stl": 17.012048192771083, "blk": 10.421686746987952, "turnover": 27.337349397590362, "pf": 37.95180722891566, "total_points": 9962, "total_opp_points": 8923, "possessions": 684565.4564222401, "data_quality": "complete", "pts": 120.02409638554217, "opp_pts": 107.50602409638554, "w": 68, "l": 15}