{"id": 23, "name": "76ers", "abbreviation": "PHI", "conference": "East", "division": "Atlantic", "wins": 24, "losses": 58, "win_pct": 0.2926829268292683, "home_record": "12-29", "road_record": "12-29", "conference_record": "15-37", "conference_rank": 13, "division_record": "3-13 ", "division_rank": 5, "games_played": 82, "points_pg": 109.60975609756098, "opp_points_pg": 115.84146341463415, "offensive_rating": 1.3753769046871216, "defensive_rating": 1.453572009081327, "net_rating": -0.07819510439420552, "pace": 7969.434103773584, "fg_pct": 0.4710205795884082, "fg3_pct": 0.35996087381806324, "ft_pct": 0.7868898186889819, "ast": 51.451219512195124, "reb": 85.3170731707317, "stl": 16.658536585365855, "blk": 9.609756097560975, "turnover": 28.01219512195122, "pf": 37.63414634146341, "total_points": 8988, "total_opp_points": 9499, "possessions": 653493.5965094339, "data_quality": "complete", "pts": 109.60975609756098, "opp_pts": 115.84146341463415, "w": 24, "l": 58}