{"id": 4, "name": "Hornets", "abbreviation": "CHA", "conference": "East", "division": "Southeast", "wins": 19, "losses": 63, "win_pct": 0.23170731707317074, "home_record": "12-29", "road_record": "7-34 ", "conference_record": "10-42", "conference_rank": 14, "division_record": "1-15 ", "division_rank": 4, "games_played": 82, "points_pg": 105.09756097560975, "opp_points_pg": 114.20731707317073, "offensive_rating": 1.3180363552200887, "defensive_rating": 1.432282486265506, "net_rating": -0.11424613104541725, "pace": 7973.798337152873, "fg_pct": 0.4486986301369863, "fg3_pct": 0.3470404984423676, "ft_pct": 0.7865401719537504, "ast": 51.08536585365854, "reb": 90.46341463414635, "stl": 16.134146341463413, "blk": 9.792682926829269, "turnover": 27.29268292682927, "pf": 36.86585365853659, "total_points": 8618, "total_opp_points": 9365, "possessions": 653851.4636465355, "data_quality": "complete", "pts": 105.09756097560975, "opp_pts": 114.20731707317073, "w": 19, "l": 63}