{"id": 22, "name": "Magic", "abbreviation": "ORL", "conference": "East", "division": "Southeast", "wins": 42, "losses": 42, "win_pct": 0.5, "home_record": "22-19", "road_record": "19-22", "conference_record": "31-21", "conference_rank": 7, "division_record": "12-4 ", "division_rank": 1, "games_played": 84, "points_pg": 105.36904761904762, "opp_points_pg": 105.39285714285714, "offensive_rating": 1.3165984124129944, "defensive_rating": 1.3168959151612516, "net_rating": -0.000297502748257239, "pace": 8003.127348903043, "fg_pct": 0.45556109015868496, "fg3_pct": 0.34001431639226914, "ft_pct": 0.7700205338809035, "ast": 45.773809523809526, "reb": 84.10714285714286, "stl": 16.583333333333332, "blk": 10.392857142857142, "turnover": 28.261904761904763, "pf": 40.32142857142857, "total_points": 8851, "total_opp_points": 8853, "possessions": 672262.6973078556, "data_quality": "complete", "pts": 105.36904761904762, "opp_pts": 105.39285714285714, "w": 42, "l": 42}