{"id": 12, "name": "Pacers", "abbreviation": "IND", "conference": "East", "division": "Central", "wins": 50, "losses": 32, "win_pct": 0.6097560975609756, "home_record": "29-11", "road_record": "20-20", "conference_record": "29-22", "conference_rank": 4, "division_record": "10-6 ", "division_rank": 2, "games_played": 82, "points_pg": 117.39024390243902, "opp_points_pg": 115.13414634146342, "offensive_rating": 1.4332303915229696, "defensive_rating": 1.4056854484072674, "net_rating": 0.027544943115702214, "pace": 8190.6052646356875, "fg_pct": 0.48078100551057895, "fg3_pct": 0.3619289340101523, "ft_pct": 0.7811014816885659, "ast": 55.21951219512195, "reb": 86.86585365853658, "stl": 15.621951219512194, "blk": 9.963414634146341, "turnover": 26.414634146341463, "pf": 37.48780487804878, "total_points": 9626, "total_opp_points": 9441, "possessions": 671629.6317001263, "data_quality": "complete", "pts": 117.39024390243902, "opp_pts": 115.13414634146342, "w": 50, "l": 32}