{"id": 18, "name": "Timberwolves", "abbreviation": "MIN", "conference": "West", "division": "Northwest", "wins": 50, "losses": 33, "win_pct": 0.6024096385542169, "home_record": "25-16", "road_record": "24-17", "conference_record": "33-19", "conference_rank": 6, "division_record": "11-5 ", "division_rank": 3, "games_played": 83, "points_pg": 114.32530120481928, "opp_points_pg": 109.12048192771084, "offensive_rating": 1.4182263648946274, "defensive_rating": 1.353659625550705, "net_rating": 0.06456673934392243, "pace": 8061.146234107243, "fg_pct": 0.464126330243735, "fg3_pct": 0.36644976987779715, "ft_pct": 0.7787331613642877, "ast": 50.80722891566265, "reb": 87.18072289156626, "stl": 16.313253012048193, "blk": 9.36144578313253, "turnover": 27.50602409638554, "pf": 37.34939759036145, "total_points": 9489, "total_opp_points": 9057, "possessions": 669075.137430901, "data_quality": "complete", "pts": 114.32530120481928, "opp_pts": 109.12048192771084, "w": 50, "l": 33}