{"id": 1, "name": "Hawks", "abbreviation": "ATL", "conference": "East", "division": "Southeast", "wins": 40, "losses": 44, "win_pct": 0.47619047619047616, "home_record": "21-19", "road_record": "19-22", "conference_record": "30-22", "conference_rank": 8, "division_record": "10-6 ", "division_rank": 2, "games_played": 84, "points_pg": 117.85714285714286, "opp_points_pg": 119.36904761904762, "offensive_rating": 1.3721626814741754, "defensive_rating": 1.3897651724385411, "net_rating": -0.017602490964365725, "pace": 8589.15232489224, "fg_pct": 0.4762091503267974, "fg3_pct": 0.366635101010101, "ft_pct": 0.787737074564822, "ast": 57.785714285714285, "reb": 88.38095238095238, "stl": 18.785714285714285, "blk": 10.083333333333334, "turnover": 29.69047619047619, "pf": 38.11904761904762, "total_points": 9900, "total_opp_points": 10027, "possessions": 721488.7952909482, "data_quality": "complete", "pts": 117.85714285714286, "opp_pts": 119.36904761904762, "w": 40, "l": 44}