{"id": 22, "name": "Magic", "abbreviation": "ORL", "conference": "East", "division": "Southeast", "wins": 42, "losses": 41, "win_pct": 0.5060240963855421, "home_record": "22-19", "road_record": "19-22", "conference_record": "31-21", "conference_rank": 7, "division_record": "12-4 ", "division_rank": 1, "games_played": 83, "points_pg": 105.60240963855422, "opp_points_pg": 105.42168674698796, "offensive_rating": 1.3338948027902209, "defensive_rating": 1.3316120392942878, "net_rating": 0.002282763495933038, "pace": 7916.846922085362, "fg_pct": 0.4557955363570914, "fg3_pct": 0.3392469225199131, "ft_pct": 0.7703646237393328, "ast": 45.855421686746986, "reb": 84.12048192771084, "stl": 16.566265060240966, "blk": 10.397590361445783, "turnover": 28.313253012048193, "pf": 40.44578313253012, "total_points": 8765, "total_opp_points": 8750, "possessions": 657098.2945330851, "data_quality": "complete", "pts": 105.60240963855422, "opp_pts": 105.42168674698796, "w": 42, "l": 41}