{"id": 16, "name": "Heat", "abbreviation": "MIA", "conference": "East", "division": "Southeast", "wins": 38, "losses": 46, "win_pct": 0.4523809523809524, "home_record": "19-22", "road_record": "17-23", "conference_record": "24-28", "conference_rank": 10, "division_record": "10-6 ", "division_rank": 3, "games_played": 84, "points_pg": 109.26190476190476, "opp_points_pg": 108.48809523809524, "offensive_rating": 1.3642420394864359, "defensive_rating": 1.3545802686685433, "net_rating": 0.009661770817892545, "pace": 8008.982394578311, "fg_pct": 0.4651242619799533, "fg3_pct": 0.3629226085563211, "ft_pct": 0.7832964251819045, "ast": 52.226190476190474, "reb": 86.95238095238095, "stl": 15.535714285714286, "blk": 8.416666666666666, "turnover": 25.25, "pf": 32.11904761904762, "total_points": 9178, "total_opp_points": 9113, "possessions": 672754.5211445782, "data_quality": "complete", "pts": 109.26190476190476, "opp_pts": 108.48809523809524, "w": 38, "l": 46}