{"id": 6, "name": "Cavaliers", "abbreviation": "CLE", "conference": "East", "division": "Central", "wins": 65, "losses": 18, "win_pct": 0.7831325301204819, "home_record": "34-7 ", "road_record": "30-11", "conference_record": "41-11", "conference_rank": 1, "division_record": "12-4 ", "division_rank": 1, "games_played": 83, "points_pg": 121.92771084337349, "opp_points_pg": 112.25301204819277, "offensive_rating": 1.480561231643093, "defensive_rating": 1.3630819165235866, "net_rating": 0.11747931511950638, "pace": 8235.235952251764, "fg_pct": 0.47248589445735145, "fg3_pct": 0.37221374045801525, "ft_pct": 0.7776526878694061, "ast": 53.59036144578313, "reb": 88.81927710843374, "stl": 15.939759036144578, "blk": 8.662650602409638, "turnover": 26.048192771084338, "pf": 36.95180722891566, "total_points": 10120, "total_opp_points": 9317, "possessions": 683524.5840368964, "data_quality": "complete", "pts": 121.92771084337349, "opp_pts": 112.25301204819277, "w": 65, "l": 18}