{"id": 18, "name": "Timberwolves", "abbreviation": "MIN", "conference": "West", "division": "Northwest", "wins": 49, "losses": 33, "win_pct": 0.5975609756097561, "home_record": "25-16", "road_record": "24-17", "conference_record": "33-19", "conference_rank": 6, "division_record": "11-5 ", "division_rank": 3, "games_played": 82, "points_pg": 114.29268292682927, "opp_points_pg": 109.29268292682927, "offensive_rating": 1.4332668925885714, "defensive_rating": 1.3705652893063143, "net_rating": 0.06270160328225716, "pace": 7974.277750908583, "fg_pct": 0.4642261739372048, "fg3_pct": 0.36555162431650046, "ft_pct": 0.7782269708345365, "ast": 50.890243902439025, "reb": 87.2439024390244, "stl": 16.353658536585368, "blk": 9.378048780487806, "turnover": 27.5609756097561, "pf": 37.426829268292686, "total_points": 9372, "total_opp_points": 8962, "possessions": 653890.7755745038, "data_quality": "complete", "pts": 114.29268292682927, "opp_pts": 109.29268292682927, "w": 49, "l": 33}