{"id": 10, "name": "Warriors", "abbreviation": "GSW", "conference": "West", "division": "Pacific", "wins": 50, "losses": 34, "win_pct": 0.5952380952380952, "home_record": "24-17", "road_record": "24-17", "conference_record": "29-23", "conference_rank": 7, "division_record": "5-11 ", "division_rank": 3, "games_played": 84, "points_pg": 112.96428571428571, "opp_points_pg": 109.64285714285714, "offensive_rating": 1.3812152233077748, "defensive_rating": 1.340604089647445, "net_rating": 0.04061113366032987, "pace": 8178.615744167338, "fg_pct": 0.45808241423641655, "fg3_pct": 0.36306705361234154, "ft_pct": 0.7668136714443219, "ast": 54.464285714285715, "reb": 88.78571428571429, "stl": 16.845238095238095, "blk": 10.023809523809524, "turnover": 27.94047619047619, "pf": 37.523809523809526, "total_points": 9489, "total_opp_points": 9210, "possessions": 687003.7225100563, "data_quality": "complete", "pts": 112.96428571428571, "opp_pts": 109.64285714285714, "w": 50, "l": 34}