{"id": 8, "name": "Nuggets", "abbreviation": "DEN", "conference": "West", "division": "Northwest", "wins": 50, "losses": 32, "win_pct": 0.6097560975609756, "home_record": "26-15", "road_record": "24-17", "conference_record": "32-20", "conference_rank": 4, "division_record": "8-8  ", "division_rank": 2, "games_played": 82, "points_pg": 120.7560975609756, "opp_points_pg": 116.86585365853658, "offensive_rating": 1.4717015618186726, "defensive_rating": 1.4242896452139304, "net_rating": 0.0474119166047422, "pace": 8205.202786613194, "fg_pct": 0.4855884707766213, "fg3_pct": 0.3697304768486524, "ft_pct": 0.7734331669439822, "ast": 60.02439024390244, "reb": 88.1829268292683, "stl": 16.76829268292683, "blk": 10.024390243902438, "turnover": 25.926829268292682, "pf": 36.65853658536585, "total_points": 9902, "total_opp_points": 9583, "possessions": 672826.6285022818, "data_quality": "complete", "pts": 120.7560975609756, "opp_pts": 116.86585365853658, "w": 50, "l": 32}